dot,model,saxs_d_nm,qp_sf_ev,qp_soc_ev,bulk_shift_ev,s1_soc_ev,bright_ev,bright_f,aubert-hens-2022-zb,aubert-hens-2022-wz,aubert-hens-2022-cdse,yu-2003,settings
2.8nm,bulk,2.62,2.8431,2.7672,1.39,2.500387,2.556337,0.673549,2.74,2.572,2.689,2.364,"bulk, bse resta kernel, SOC, eps_out 2.24, 25x25; bulk_vertex scaled 0.8, bulk_residual experimental, bulk_geometry strain; bright = first state with f >= 0.5 max f; NHR, QDEX 379485f"
2.8nm,sgw-resta,2.62,3.372,3.2941,1.39,2.639767,2.700843,0.7582554,2.74,2.572,2.689,2.364,"sgw-resta, bse resta kernel, SOC, eps_out 2.24, 25x25; bulk_vertex scaled 0.8, bulk_residual experimental, bulk_geometry strain; bright = first state with f >= 0.5 max f; NHR, QDEX 379485f"
2.8nm,sgw-dim,2.62,3.4426,3.3649,1.39,2.684814,2.746757,0.7840491,2.74,2.572,2.689,2.364,"sgw-dim, bse resta kernel, SOC, eps_out 2.24, 25x25; bulk_vertex scaled 0.8, bulk_residual experimental, bulk_geometry strain; bright = first state with f >= 0.5 max f; NHR, QDEX 379485f"
2.8nm,evgw-resta,2.62,3.4298,3.3521,1.39,2.666268,2.728497,0.7745922,2.74,2.572,2.689,2.364,"evgw-resta, bse resta kernel, SOC, eps_out 2.24, 25x25; bulk_vertex scaled 0.8, bulk_residual experimental, bulk_geometry strain; bright = first state with f >= 0.5 max f; NHR, QDEX 379485f"
2.8nm,evgw-dim,2.62,3.4075,3.3298,1.39,2.668196,2.729324,0.7716836,2.74,2.572,2.689,2.364,"evgw-dim, bse resta kernel, SOC, eps_out 2.24, 25x25; bulk_vertex scaled 0.8, bulk_residual experimental, bulk_geometry strain; bright = first state with f >= 0.5 max f; NHR, QDEX 379485f"
2.8nm,qsgw-resta,2.62,3.4633,3.3852,1.39,2.666315,2.72991,0.749449,2.74,2.572,2.689,2.364,"qsgw-resta, bse resta kernel, SOC, eps_out 2.24, 25x25; bulk_vertex scaled 0.8, bulk_residual experimental, bulk_geometry strain; bright = first state with f >= 0.5 max f; NHR, QDEX 379485f"
2.8nm,qsgw-dim,2.62,3.4052,3.3265,1.39,2.651637,2.714393,0.7364228,2.74,2.572,2.689,2.364,"qsgw-dim, bse resta kernel, SOC, eps_out 2.24, 25x25; bulk_vertex scaled 0.8, bulk_residual experimental, bulk_geometry strain; bright = first state with f >= 0.5 max f; NHR, QDEX 379485f"
3.4nm,bulk,3.34,2.5011,2.4266,1.35,2.236982,2.27379,0.5570022,2.411,2.303,2.382,2.201,"bulk, bse resta kernel, SOC, eps_out 2.24, 25x25; bulk_vertex scaled 0.8, bulk_residual experimental, bulk_geometry strain; bright = first state with f >= 0.5 max f; NHR, QDEX 379485f"
3.4nm,sgw-resta,3.34,2.9191,2.8374,1.35,2.364605,2.405195,0.6538572,2.411,2.303,2.382,2.201,"sgw-resta, bse resta kernel, SOC, eps_out 2.24, 25x25; bulk_vertex scaled 0.8, bulk_residual experimental, bulk_geometry strain; bright = first state with f >= 0.5 max f; NHR, QDEX 379485f"
3.4nm,sgw-dim,3.34,3.0179,2.9342,1.35,2.429215,2.470805,0.68917,2.411,2.303,2.382,2.201,"sgw-dim, bse resta kernel, SOC, eps_out 2.24, 25x25; bulk_vertex scaled 0.8, bulk_residual experimental, bulk_geometry strain; bright = first state with f >= 0.5 max f; NHR, QDEX 379485f"
3.4nm,evgw-resta,3.34,2.9621,2.88,1.35,2.389464,2.430627,0.6694551,2.411,2.303,2.382,2.201,"evgw-resta, bse resta kernel, SOC, eps_out 2.24, 25x25; bulk_vertex scaled 0.8, bulk_residual experimental, bulk_geometry strain; bright = first state with f >= 0.5 max f; NHR, QDEX 379485f"
3.4nm,evgw-dim,3.34,2.9939,2.9108,1.35,2.415233,2.456506,0.6808936,2.411,2.303,2.382,2.201,"evgw-dim, bse resta kernel, SOC, eps_out 2.24, 25x25; bulk_vertex scaled 0.8, bulk_residual experimental, bulk_geometry strain; bright = first state with f >= 0.5 max f; NHR, QDEX 379485f"
3.4nm,qsgw-resta,3.34,2.9813,2.8978,1.35,2.383895,2.42828,0.8785617,2.411,2.303,2.382,2.201,"qsgw-resta, bse resta kernel, SOC, eps_out 2.24, 25x25; bulk_vertex scaled 0.8, bulk_residual experimental, bulk_geometry strain; bright = first state with f >= 0.5 max f; NHR, QDEX 379485f"
3.4nm,qsgw-dim,3.34,2.9863,2.9023,1.35,2.393989,2.438445,0.8839019,2.411,2.303,2.382,2.201,"qsgw-dim, bse resta kernel, SOC, eps_out 2.24, 25x25; bulk_vertex scaled 0.8, bulk_residual experimental, bulk_geometry strain; bright = first state with f >= 0.5 max f; NHR, QDEX 379485f"
4.0nm,bulk,4.1,2.3862,2.3043,1.351,2.142244,2.176357,1.241557,2.201,2.135,2.187,2.108,"bulk, bse resta kernel, SOC, eps_out 2.24, 25x25; bulk_vertex scaled 0.8, bulk_residual experimental, bulk_geometry strain; bright = first state with f >= 0.5 max f; NHR, QDEX 379485f"
4.0nm,sgw-resta,4.1,2.71,2.6291,1.351,2.240308,2.28212,1.375017,2.201,2.135,2.187,2.108,"sgw-resta, bse resta kernel, SOC, eps_out 2.24, 25x25; bulk_vertex scaled 0.8, bulk_residual experimental, bulk_geometry strain; bright = first state with f >= 0.5 max f; NHR, QDEX 379485f"
4.0nm,sgw-dim,4.1,2.8237,2.743,1.351,2.318789,2.361537,1.522744,2.201,2.135,2.187,2.108,"sgw-dim, bse resta kernel, SOC, eps_out 2.24, 25x25; bulk_vertex scaled 0.8, bulk_residual experimental, bulk_geometry strain; bright = first state with f >= 0.5 max f; NHR, QDEX 379485f"
4.0nm,evgw-resta,4.1,2.7407,2.6598,1.351,2.259622,2.301802,1.423882,2.201,2.135,2.187,2.108,"evgw-resta, bse resta kernel, SOC, eps_out 2.24, 25x25; bulk_vertex scaled 0.8, bulk_residual experimental, bulk_geometry strain; bright = first state with f >= 0.5 max f; NHR, QDEX 379485f"
4.0nm,evgw-dim,4.1,2.8007,2.72,1.351,2.304319,2.34694,1.481254,2.201,2.135,2.187,2.108,"evgw-dim, bse resta kernel, SOC, eps_out 2.24, 25x25; bulk_vertex scaled 0.8, bulk_residual experimental, bulk_geometry strain; bright = first state with f >= 0.5 max f; NHR, QDEX 379485f"
